{
    "epoch": 0.279935614808594,
    "graph_avg_degree": 0.0,
    "graph_sparsity": 0.0,
    "graph_surviving_edge_pct": 100.0,
    "total_flos": 5.96496063922176e+16,
    "train_loss": 12.182875274658203,
    "train_runtime": 3415.8743,
    "train_samples_per_second": 18.736,
    "train_steps_per_second": 0.293
}