{
    "epoch": 0.27994541064492423,
    "eval_loss": 2.74202036857605,
    "eval_runtime": 11.2865,
    "eval_samples_per_second": 42.44,
    "eval_steps_per_second": 10.632,
    "graph_avg_degree": 16.0,
    "graph_sparsity": 0.96875,
    "graph_surviving_edge_pct": 3.125,
    "perplexity": 15.518306143742215
}