{
    "epoch": 0.279935614808594,
    "eval_loss": 2.7130720615386963,
    "eval_runtime": 7.9686,
    "eval_samples_per_second": 60.111,
    "eval_steps_per_second": 3.765,
    "graph_avg_degree": 512.0,
    "graph_sparsity": 0.0,
    "graph_surviving_edge_pct": 100.0,
    "perplexity": 15.075517366678799,
    "total_flos": 5.96753761959936e+16,
    "train_loss": 12.525939147949218,
    "train_runtime": 3522.2791,
    "train_samples_per_second": 18.17,
    "train_steps_per_second": 0.284
}