{
    "epoch": 0.279935614808594,
    "graph_avg_degree": 512.0,
    "graph_sparsity": 0.0,
    "graph_surviving_edge_pct": 100.0,
    "total_flos": 5.96753761959936e+16,
    "train_loss": 12.525939147949218,
    "train_runtime": 3522.2791,
    "train_samples_per_second": 18.17,
    "train_steps_per_second": 0.284
}