{
    "epoch": 0.279935614808594,
    "eval_loss": 2.72619891166687,
    "eval_runtime": 8.2818,
    "eval_samples_per_second": 57.838,
    "eval_steps_per_second": 3.622,
    "graph_avg_degree": 13.856483459472656,
    "graph_sparsity": 0.9729365557432175,
    "graph_surviving_edge_pct": 2.706344425678253,
    "perplexity": 15.274715988596075
}