{
    "epoch": 0.279935614808594,
    "graph_avg_degree": 14.213951110839844,
    "graph_sparsity": 0.9722383767366409,
    "graph_surviving_edge_pct": 2.776162326335907,
    "total_flos": 5.96753761959936e+16,
    "train_loss": 5.883119903564453,
    "train_runtime": 1800.4173,
    "train_samples_per_second": 35.547,
    "train_steps_per_second": 0.555
}