{
    "epoch": 0.279935614808594,
    "eval_loss": 2.72347092628479,
    "eval_runtime": 8.9322,
    "eval_samples_per_second": 53.626,
    "eval_steps_per_second": 3.359,
    "graph_avg_degree": 8.0,
    "graph_sparsity": 0.984375,
    "graph_surviving_edge_pct": 1.5625,
    "perplexity": 15.23310357150283
}