{
    "epoch": 0.279935614808594,
    "eval_loss": 2.720247745513916,
    "eval_runtime": 8.1661,
    "eval_samples_per_second": 58.657,
    "eval_steps_per_second": 3.674,
    "graph_avg_degree": 18.404754638671875,
    "graph_sparsity": 0.964053213596344,
    "graph_surviving_edge_pct": 3.5946786403656006,
    "perplexity": 15.18408356759605
}