{
    "epoch": 0.279935614808594,
    "graph_avg_degree": 17.821380615234375,
    "graph_sparsity": 0.9651926159858704,
    "graph_surviving_edge_pct": 3.480738401412964,
    "total_flos": 5.96753761959936e+16,
    "train_loss": 12.692260162353517,
    "train_runtime": 3569.8735,
    "train_samples_per_second": 17.928,
    "train_steps_per_second": 0.28
}