{
    "epoch": 0.279935614808594,
    "eval_loss": 2.719089984893799,
    "eval_runtime": 8.9073,
    "eval_samples_per_second": 53.776,
    "eval_steps_per_second": 3.368,
    "graph_avg_degree": 16.0,
    "graph_sparsity": 0.96875,
    "graph_surviving_edge_pct": 3.125,
    "perplexity": 15.166514206108856
}