{
    "epoch": 0.279935614808594,
    "graph_avg_degree": 16.0,
    "graph_sparsity": 0.96875,
    "graph_surviving_edge_pct": 3.125,
    "total_flos": 5.96753761959936e+16,
    "train_loss": 12.74369546508789,
    "train_runtime": 3539.0306,
    "train_samples_per_second": 18.084,
    "train_steps_per_second": 0.283
}